{"cameraMode":{"drawMode":0,"name":"Shaded","section":"Shading Mode"},"sceneLighting":true,"audioPlay":false,"sceneViewState":{"showFog":true,"showMaterialUpdate":false,"showSkybox":false,"showFlares":true,"showImageEffects":true,"showParticleSystems":true},"in2DMode":false,"pivot":{"x":6.7503557205200199,"y":-1.6674665212631226,"z":-1.0420541763305665},"rotation":{"x":-0.09285237640142441,"y":-0.7084836959838867,"z":0.028777457773685457,"w":-0.7045943140983582},"size":12.003111839294434,"orthographic":false}