{"cameraMode":{"drawMode":0,"name":"Shaded","section":"Shading Mode"},"sceneLighting":true,"audioPlay":false,"sceneViewState":{"showFog":true,"showMaterialUpdate":false,"showSkybox":true,"showFlares":true,"showImageEffects":true,"showParticleSystems":true},"in2DMode":false,"pivot":{"x":-117.05245971679688,"y":-63.38182830810547,"z":-119.83558654785156},"rotation":{"x":0.06410446763038635,"y":-0.916749894618988,"z":0.14437450468540193,"w":0.3751694858074188},"size":233.81826782226563,"orthographic":false}