{"cameraMode":{"drawMode":0,"name":"Shaded","section":"Shading Mode"},"sceneLighting":false,"audioPlay":false,"sceneViewState":{"showFog":true,"showMaterialUpdate":false,"showSkybox":false,"showFlares":true,"showImageEffects":true,"showParticleSystems":true},"in2DMode":false,"pivot":{"x":-5.362046241760254,"y":0.8974213600158691,"z":7.269948482513428},"rotation":{"x":0.17308948934078217,"y":-0.6729477643966675,"z":0.21243835985660554,"w":0.6930042505264282},"size":7.233829975128174,"orthographic":false}