{"cameraMode":{"drawMode":0,"name":"Shaded","section":"Shading Mode"},"sceneLighting":true,"audioPlay":false,"sceneViewState":{"showFog":true,"showMaterialUpdate":false,"showSkybox":false,"showFlares":true,"showImageEffects":true,"showParticleSystems":true},"in2DMode":false,"pivot":{"x":8.895678520202637,"y":-5.898647308349609,"z":19.237539291381837},"rotation":{"x":-0.1115635558962822,"y":0.8633752465248108,"z":-0.2184438556432724,"w":-0.44095578789711},"size":4.149008750915527,"orthographic":false}