{"cameraMode":{"drawMode":0,"name":"Shaded","section":"Shading Mode"},"sceneLighting":false,"audioPlay":false,"sceneViewState":{"showFog":true,"showMaterialUpdate":false,"showSkybox":false,"showFlares":true,"showImageEffects":true,"showParticleSystems":true},"in2DMode":false,"pivot":{"x":41.36000061035156,"y":5.486891269683838,"z":32.920101165771487},"rotation":{"x":-0.023160144686698915,"y":-0.4773308336734772,"z":0.015317974612116814,"w":-0.8817662596702576},"size":1.7504507303237916,"orthographic":false}