{"cameraMode":{"drawMode":0,"name":"Shaded","section":"Shading Mode"},"sceneLighting":true,"audioPlay":false,"sceneViewState":{"showFog":true,"showMaterialUpdate":false,"showSkybox":false,"showFlares":true,"showImageEffects":true,"showParticleSystems":true},"in2DMode":false,"pivot":{"x":7.78234338760376,"y":-9.531305313110352,"z":-18.4200439453125},"rotation":{"x":0.06107374653220177,"y":0.9539370536804199,"z":-0.20837725698947907,"w":0.21551187336444856},"size":24.006223678588868,"orthographic":false}