{"cameraMode":{"drawMode":0,"name":"Shaded","section":"Shading Mode"},"sceneLighting":true,"audioPlay":false,"sceneViewState":{"showFog":true,"showMaterialUpdate":false,"showSkybox":false,"showFlares":true,"showImageEffects":true,"showParticleSystems":true},"in2DMode":false,"pivot":{"x":0.0683382973074913,"y":0.9728532433509827,"z":-0.8932223916053772},"rotation":{"x":0.09329237043857575,"y":0.8379665017127991,"z":-0.15143989026546479,"w":0.5160461664199829},"size":3.3610894680023195,"orthographic":false}