{"cameraMode":{"drawMode":0,"name":"Shaded","section":"Shading Mode"},"sceneLighting":true,"audioPlay":false,"sceneViewState":{"showFog":true,"showMaterialUpdate":false,"showSkybox":false,"showFlares":true,"showImageEffects":true,"showParticleSystems":true},"in2DMode":false,"pivot":{"x":-17.80834197998047,"y":7.5979084968566898,"z":-23.682594299316408},"rotation":{"x":-0.028918156400322915,"y":0.6758596301078796,"z":-0.026615535840392114,"w":-0.7360677719116211},"size":18.404769897460939,"orthographic":false}