{"cameraMode":{"drawMode":0,"name":"Shaded","section":"Shading Mode"},"sceneLighting":false,"audioPlay":false,"sceneViewState":{"showFog":true,"showMaterialUpdate":false,"showSkybox":false,"showFlares":true,"showImageEffects":true,"showParticleSystems":true},"in2DMode":false,"pivot":{"x":33.90599822998047,"y":-1.2442998886108399,"z":22.864999771118165},"rotation":{"x":0.16236832737922669,"y":-0.7470462322235107,"z":0.25554388761520388,"w":0.5987073183059692},"size":14.981873512268067,"orthographic":false}