{"cameraMode":{"drawMode":0,"name":"Shaded","section":"Shading Mode"},"sceneLighting":false,"audioPlay":false,"sceneViewState":{"showFog":true,"showMaterialUpdate":false,"showSkybox":false,"showFlares":true,"showImageEffects":true,"showParticleSystems":true},"in2DMode":false,"pivot":{"x":0.0015796422958374024,"y":0.0,"z":3.7997961044311526e-7},"rotation":{"x":0.07618039101362229,"y":-0.7488914132118225,"z":0.08544642478227616,"w":0.6541447639465332},"size":0.5565900802612305,"orthographic":false}