{"cameraMode":{"drawMode":0,"name":"Shaded","section":"Shading Mode"},"sceneLighting":false,"audioPlay":false,"sceneViewState":{"showFog":true,"showMaterialUpdate":false,"showSkybox":false,"showFlares":true,"showImageEffects":true,"showParticleSystems":true},"in2DMode":false,"pivot":{"x":12.019674301147461,"y":-9.447681427001954,"z":23.55809211730957},"rotation":{"x":0.04309071972966194,"y":-0.9512260556221008,"z":0.2626432776451111,"w":0.15605784952640534},"size":1.4245152473449708,"orthographic":false}