{"cameraMode":{"drawMode":0,"name":"Shaded","section":"Shading Mode"},"sceneLighting":false,"audioPlay":false,"sceneViewState":{"showFog":true,"showMaterialUpdate":false,"showSkybox":false,"showFlares":true,"showImageEffects":true,"showParticleSystems":true},"in2DMode":false,"pivot":{"x":7.010000228881836,"y":-7.039999961853027,"z":50.36000061035156},"rotation":{"x":0.1821856051683426,"y":-0.4142756462097168,"z":0.0851026177406311,"w":0.8932493925094605},"size":28.1474552154541,"orthographic":false}