{"cameraMode":{"drawMode":0,"name":"Shaded","section":"Shading Mode"},"sceneLighting":true,"audioPlay":false,"sceneViewState":{"showFog":true,"showMaterialUpdate":false,"showSkybox":false,"showFlares":true,"showImageEffects":true,"showParticleSystems":true},"in2DMode":false,"pivot":{"x":4.488375663757324,"y":0.2623494565486908,"z":-0.16966630518436433},"rotation":{"x":-0.019779857248067857,"y":-0.6919167637825012,"z":0.01882895454764366,"w":-0.7216012477874756},"size":8.0020751953125,"orthographic":false}