{"cameraMode":{"drawMode":0,"name":"Shaded","section":"Shading Mode"},"sceneLighting":false,"audioPlay":false,"sceneViewState":{"showFog":true,"showMaterialUpdate":false,"showSkybox":false,"showFlares":true,"showImageEffects":true,"showParticleSystems":true},"in2DMode":false,"pivot":{"x":-0.005666114389896393,"y":0.13907751441001893,"z":0.010808475315570832},"rotation":{"x":0.0016816668212413788,"y":-0.993861198425293,"z":-0.05228565260767937,"w":-0.10184936970472336},"size":0.5497421622276306,"orthographic":false}