{"cameraMode":{"drawMode":0,"name":"Shaded","section":"Shading Mode"},"sceneLighting":false,"audioPlay":false,"sceneViewState":{"showFog":true,"showMaterialUpdate":false,"showSkybox":false,"showFlares":true,"showImageEffects":true,"showParticleSystems":true},"in2DMode":false,"pivot":{"x":1.0359987020492554,"y":0.2500021457672119,"z":-0.000002205371856689453},"rotation":{"x":-0.08314553648233414,"y":-0.9279125928878784,"z":0.12266232073307038,"w":-0.3537825644016266},"size":10.581438064575196,"orthographic":false}