{"cameraMode":{"drawMode":0,"name":"Shaded","section":"Shading Mode"},"sceneLighting":false,"audioPlay":false,"sceneViewState":{"showFog":true,"showMaterialUpdate":false,"showSkybox":false,"showFlares":true,"showImageEffects":true,"showParticleSystems":true},"in2DMode":false,"pivot":{"x":11.116000175476075,"y":-7.400000095367432,"z":37.5099983215332},"rotation":{"x":0.22533541917800904,"y":0.7833214998245239,"z":-0.30936646461486819,"w":0.498439759016037},"size":7.070014953613281,"orthographic":false}