{"cameraMode":{"drawMode":0,"name":"Shaded","section":"Shading Mode"},"sceneLighting":false,"audioPlay":false,"sceneViewState":{"showFog":true,"showMaterialUpdate":false,"showSkybox":false,"showFlares":true,"showImageEffects":true,"showParticleSystems":true},"in2DMode":false,"pivot":{"x":0.6099997758865356,"y":0.24999773502349854,"z":-11.746435165405274},"rotation":{"x":-0.00430130073800683,"y":0.9703353643417358,"z":-0.24146778881549836,"w":-0.01676969788968563},"size":17.90009117126465,"orthographic":false}