{"cameraMode":{"drawMode":0,"name":"Shaded","section":"Shading Mode"},"sceneLighting":false,"audioPlay":false,"sceneViewState":{"showFog":true,"showMaterialUpdate":false,"showSkybox":false,"showFlares":true,"showImageEffects":true,"showParticleSystems":true},"in2DMode":false,"pivot":{"x":0.021612241864204408,"y":0.2578193247318268,"z":0.014880269765853882},"rotation":{"x":0.006481620483100414,"y":-0.9912000298500061,"z":-0.05721056088805199,"w":-0.12083893269300461},"size":0.4747069478034973,"orthographic":false}