{"cameraMode":{"drawMode":0,"name":"Shaded","section":"Shading Mode"},"sceneLighting":true,"audioPlay":false,"sceneViewState":{"showFog":true,"showMaterialUpdate":false,"showSkybox":true,"showFlares":true,"showImageEffects":true,"showParticleSystems":true},"in2DMode":false,"pivot":{"x":11.288999557495118,"y":2.193000078201294,"z":23.014999389648439},"rotation":{"x":-0.02438662014901638,"y":0.9727638959884644,"z":-0.19766876101493836,"w":-0.1226341500878334},"size":0.5899127721786499,"orthographic":false}