{"cameraMode":{"drawMode":0,"name":"Shaded","section":"Shading Mode"},"sceneLighting":false,"audioPlay":false,"sceneViewState":{"showFog":true,"showMaterialUpdate":false,"showSkybox":false,"showFlares":true,"showImageEffects":true,"showParticleSystems":true},"in2DMode":false,"pivot":{"x":-0.013129085302352906,"y":0.11899466067552567,"z":0.017302267253398896},"rotation":{"x":0.017819976434111596,"y":-0.9756650328636169,"z":0.08903325349092484,"w":0.20057955384254456},"size":0.6398119330406189,"orthographic":false}